CUSTOMERS,AIRLINES,,,,,ISSUE 24JAM,HOTEL,TRAIN / BUS / TRAVEL,RENT CAR,REISSUE FEE,MATERAI,TAKEOVER PAYMENT,INSURANCE,NOTE,
,INTERNASIONAL,DOMESTIC,,,,,,,,,,,,,
,,GARUDA,"OTHER AIRLINES (LION, SJ, CITILINK)","LCC (AIR ASIA, PELITA AIR, TRANSNUSA, SCOOT)","PERINTIS AIRLINE (TRIGANA, SUSI AIR, EXPRESS AIR)",,,,,,,,,,
AGUNG AUTO MALL,UP 3% (FROM TOTAL - MARKUP) GA & NON GA,UP 3% FROM BASIC (MARK UP),ON THE TICKET DOMESTIK,"UP 50,000 PER TIKET (MARK UP)","UP 50,000 PER TIKET (MARK UP)",,MARKUP,"UP 30,000 (MARKUP)",MARKUP,MARKUP,STAMP DUTY,,,,
,,,,,,-,-,,,,,,,,
AEON CREDIT SERVICE INDONESIA,UP 3% (FROM TOTAL - SERVICE FEE),UP 1% FROM TOTAL (SERVICE FEE),ON THE TICKET DOMESTIK,"UP 30,000 PER TIKET (SERVICE FEE) ","UP 30,000 PER TIKET (SERVICE FEE)",-,"DOMESTIK : 20,000/R/N (SERVICE FEE)","UP 30,000 (SERVICE FEE)","DOMESTIC : UP 50,000/DAY (SF)","UP 50,000 (SERVICE FEE)",,,,,
,,,,,,,"INTERNATIONAL : 50,000/R/N (SERVICE FEE)",,"INTERNATIONAL : UP 50,000/DAY (SF)","UP 75,000 (SERVICE FEE)",,,,,
ASASTA SEJAHTERA PERSADA,UP 5% (FROM TOTAL - SERVICE FEE),UP 2% (SERVICE FEE) DOMESTIC,UP 2% (SERVICE FEE) DOMESTIC,UP 2% (SERVICE FEE) DOMESTIC,UP 2% (SERVICE FEE) DOMESTIC,-,"DOMESTIC : UP 50,000 /R/N (SERVICE FEE) ","UP 40,000/TIKET (SERVICE FEE)","DOMESTIC : UP 75,000/DAY","DOMESTIC : 50,000/TIKET (SERVICE FEE)",YES (STAMP DUTY),,,,
,,UP 5% (SERVICE FEE) INTERNATIONAL,UP 5% (SERVICE FEE) INTERNATIONAL,UP 5% (SERVICE FEE) INTERNATIONAL,UP 5% (SERVICE FEE) INTERNATIONAL,-,"INTERNATIONAL : 100,000 /R/N (SERVICE FEE)",,"INTERNATIONAL : UP 150,000/DAY","INTERNATIONAL : 75,000/TIKET(SERVICE FEE)",,,,,
AUTO2000,UP 3% (FROM TOTAL - SERVICE FEE),UP 1% (SERVICE FEE) DOMESTIC,UP 1% (SERVICE FEE) DOMESTIC,UP 1% (SERVICE FEE) DOMESTIC,UP 1% (SERVICE FEE) DOMESTIC,,"DOMESTIC : UP 30,000 /R/N (SERVICE FEE) ","DOMESTIC : UP 25,000 /TIKET (SERVICE FEE)","DOMESTIC : 50,000/DAY (SERVICE FEE)","DOMESTIC : 35,000/TIKET (SERVICE FEE)",YES (STAMP DUTY),,,,
,,,,,,,"INTERNATIONAL : 75,000 /R/N (SERVICE FEE)","INTERNATIONAL : UP 75,000/TIKET (SERVICE FEE)","INTL : 100,000/DAY (SERVICE FEE)","INTERNATIONAL : 50,000/TIKET(SERVICE FEE)",,,,,
ADIMAS,UP 4% (FROM TOTAL - MARKUP),UP 2% FROM TOTAL (MARK UP),ON THE TICKET,"UP 50,000 PER TIKET (MARK UP)","UP 50,000 PER TIKET (MARK UP)",-,MARKUP,"UP 30,000 PER TIKET",MARKUP,MARKUP,-,,,,
ASTRA DAIHATSU MOTOR,UP 3%FROM TOTAL (SERVICE FEE) ,"UP 1,5% FROM TOTAL (SERVICE FEE)","UP 1,5% FROM TOTAL (SERVICE FEE)","UP 40,000 PER TIKET (SERVICE FEE)","UP 40,000 PER TIKET (SERVICE FEE)",-,"DOMESTIC : UP 40,000 /R/N (SERVICE FEE) ","UP 30,000 PER TIKET (SERVICE FEE)","DOMESTIC : 100,000/DAY (SERVICE FEE)","DOMESTIC : 50,000/TIKET (SERVICE FEE)",NO,,,,
,,,,"UP 75,000 PER TIKET (SERVICE FEE INTL)","UP 75,000 PER TIKET (SERVICE FEE INTL)",,"INTERNATIONAL : 75,000 /R/N (SERVICE FEE)",,"INTL : 150,000/DAY (SERVICE FEE)","INTERNATIONAL : 75,000/TIKET(SERVICE FEE)",,,,INVOICE DIBUAT PERNAMA,
ASTRA DIGITAL MOBIL,UP 2% (FROM TOTAL - SERVICE FEE),UP 1% FROM TOTAL (SERVICE FEE),ON THE TICKET,"UP 30,000 PER TIKET (SERVICE FEE)","UP 30,000 PER WAY (SERVICE FEE)",-,"DOMESTIC : 20,000/R/N (SERVICE FEE)","UP 30,000 (SERVICE FEE)","DOMESTIC : 50,000/DAY (SERVICE FEE)","DOMESTIC : 50,000/TIKET (SERVICE FEE)",YES (STAMP DUTY),,,,
,,,,,,,"INTERNATIONAL : 50,000 (SERVICE FEE)",,"INTERNATIONAL : 100,000/DAY (SERVICE FEE)","INTERNATIONAL : 200,000/TIKET(SERVICE FEE)",,,,,
ASTRA AGRO LESTARI,UP 3% (FROM TOTAL - MARKUP) ,UP 1% FROM TOTAL (MARK UP),ON THE TICKET,"UP 30,000 PER TIKET (MARK UP)","UP 30,000 PER TIKET (MARK UP)",-,MARKUP,"UP 30,000 (MARKUP)","DOMESTIC : 50,000/DAY (MARKUP)",MARKUP,YES (STAMP DUTY),5%,,,
,,,,,,-,,,"INTERNATIONAL  : 100,000/DAY (MARKUP)",,,,,,
AGRONUSA / DARMA MUTIARA,UP 3% FROM TOTAL (SERVICE FEE GA DITONGOLIN),UP 1% FROM TOTAL (SERVICE FEE GA DITONGOLIN),ON THE TICKET,"UP 50,000 PER TIKET (SERVICE FEE GA DITONGOLIN)","UP 50,000 PER TIKET (SERVICE FEE GA DITONGOLIN)",-,"DOMESTIC : 40,000 (SERVICE FEE GA DITONGOLIN)","UP 30,000 (SERVICE FEE GA DITONGOLIN)","DOMESTIC : UP 50,000/DAY (SERVICE FEE GA DITONGOLIN)","DOMESTIC : 50,000/TIKET (SERVICE FEE)",NO,,,,
,,,,,,,"INTL : 75,000 (SERVICE FEE GA DITONGOLIN)",,"INTERNATIONAL : UP 100,000/DAY (SERVICE FEE GA DITONGOLIN)","INTL : 75,000/TIKET (SERVICE FEE)",,,,,
"AGUNG GROUP (AGUNG RENT, AGUNG SOLUSI)",UP 4% FROM TOTAL (MARKUP),UP 2% FROM TOTAL (MARKUP),ON THE TICKET,"UP 30,000 PER TIKET (MARK UP)","UP 30,000 PER TIKET (MARK UP)",-,"DOMESTIC : UP 20,000 (MARKUP)","UP 30,000 (MARKUP)","DOMESTIC : UP 50,000/DAY","DOMESTIC : 50,000/TIKET (MARKUP)",STAMP DUTY,,,,
,,,,,,,"INTL : UP 50,000 (MARKUP)",,"INTERNATIONAL : UP 100,000/DAY","INTL : 75,000/TIKET (MARKUP)",,,,,
ANSARI,UP 4%,UP 2% FROM TOTAL (MARK UP),ON THE TICKET,"UP 50,000 PER TIKET (MARK UP)","UP 50,000 PER TIKET (MARK UP)",-,MARKUP,"UP 30,000 (MARKUP)",MARKUP,MARKUP,-,,,,
PERUM LKBN ANTARA,UP 4% FROM TOTAL (SERVICE FEE),UP 2% FROM TOTAL (SERVICE FEE) ,ON THE TICKET,"UP 30,000 PER TIKET (SERVICE FEE) ","UP 30,000 PER TIKET (SERVICE FEE) ",-,"DOMESTIC : UP 40,000 (SERVICE FEE)","UP 30,000 (SERVICE FEE)","DOMESTIC : UP 50,000/DAY","DOMESTIC : UP 50,000 (SERVICE FEE)",NO,,,,
,,,,,,,"INTL : UP 75,000 (SERVICE FEE) + PPN",,"INTERNATIONAL : UP 100,000/DAY","INTL : 75,000/TIKET (SERVICE FEE)",,,,,
TURANGGA GROUP,UP 3% (SERVICE FEE),"UP 25,000 FROM TOTAL PER TICKET (SERVICE FEE)","UP 25,000 FROM TOTAL PER TICKET (SERVICE FEE)","DOMESTIC : UP 40,000/TIKET (SERVICE FEE)","DOMESTIC : UP 40,000/TIKET (SERVICE FEE)",-,"DOMESTIC : UP 40,000 (SERVICE FEE)","UP 30,000 (SERVICE FEE)","DOMESTIC : UP 50,000/DAY (SERVICE FEE)","DOMESTIC : 35,000/TIKET (SERVICE FEE)",-,,,,
,,,,"INTL : UP 75,000/TIKET (SERVICE FEE)","INTL : UP 75,000/TIKET (SERVICE FEE)",,"INTL : UP 65,000 (SERVICE FEE)",,"INTERNATIONAL : UP 150,000/DAY (SERVICE FEE)","INTL : 75,000/TIKET (SERVICE FEE)",,,,GA & NON GA DIPISAH,
ASTRA INTL,UP 3% FROM TOTAL (SERVICE FEE),UP 3% FROM BASIC (SERVICE FEE),"UP 20,000/TIKET (SERVICE FEE)","UP 50,000 PER WAY (SERVICE FEE)","UP 50,000 PER WAY (SERVICE FEE)",UP 4% FROM TOTAL (SERVICE FEE),"DOMESTIC : UP 40,000 (SERVICE FEE)","UP 30,000 (SERVICE FEE)","DOMESTIC : UP 100,000/DAY (SERVICE FEE)","DOMESTIC : 50,000 (SERVICE FEE)",YES (MENGACU KE PIC),,,,
,,,,,,,"INTL : UP 75,000 (SERVICE FEE)",,"INTERNATIONAL : UP 150,000/DAY (SERVICE FEE)","INTL : 75,000 (SERVICE FEE)",,,,,
ASTRA DSO,UP 3% FROM TOTAL - MARK UP (GA & NON GA),UP 3% FROM BASIC (MARK UP),ON THE TICKET,"UP 50,000 PER TIKET (MARK UP)","UP 50,000 PER TIKET (MARK UP)",-,MARKUP,"UP 30,000 (MARKUP)",,MARKUP,YES (STAMP DUTY),,,,
ATALIAN (OCS),UP 3% FROM TOTAL (SERVICE FEE JANGAN DISHOW),UP 2% FROM TOTAL (SERVICE FEE JANGAN DISHOW),ON THE TICKET,"UP 40,000 PER TIKET  (SERVICE FEE JANGAN DISHOW)","UP 40,000 PER TIKET  (SERVICE FEE JANGAN DISHOW)",-,"UP : 40,000 (SERVICE FEE JANGAN DISHOW)","UP 30,000 (SERVICE FEE JANGAN DISHOW)","DOMESTIC : UP 50,000/DAY (SERVICE FEE)","DOMESTIC : 50,000 (SERVICE FEE JANGAN DI SHOW)",NO,5%,,,
,,,,,,,,,"INTERNATIONAL : UP 100,000/DAY (SERVICE FEE )","INTL : 200,000 (SERVICE FEE JANGAN DI SHOW)",,,,,
BARA INDAH SINERGI GRUP,UP 3% (SERVICE FEE),"UP 20,000 PER TIKET (SERVICE FEE)","UP 20,000 PER TIKET (SERVICE FEE)","UP 20,000 PER TIKET (SERVICE FEE)","UP 20,000 PER TIKET (SERVICE FEE)",-,"DOMESTIC : UP 40,000 (SERVICE FEE)","UP 30,000 (SERVICE FEE)","DOMESTIC : UP 50,000/DAY","DOMESTIC : 50,000/TIKET (SERVICE FEE)",YES,,,INVOICE DIBUAT PERNAMA,
,,,,,,,"INTL : UP 75,000 (SERVICE FEE)",,"INTERNATIONAL : UP 100,000/DAY","INTL : 75,000/TIKET (SERVICE FEE)",,,,,
BANK HIBANK,UP 4% FROM TOTAL (MARKUP),UP 2% FROM TOTAL (MARK UP),ON THE TICKET,"UP 50,000 PER TIKET (MARK UP)","UP 50,000 PER TIKET (MARK UP)",-,MARKUP,"UP 30,000 (MARKUP)",MARKUP,MARKUP,NO,,,,
BINA ARTA,UP 3% FROM TOTAL (SERVICE FEE GA DITONGOLIN),UP 1% FROM TOTAL (SERVICE FEE GA DITONGOLIN),ON THE TICKET,"UP 30,000 PER TIKET (SERVICE FEE)","UP 30,000 PER TIKET (SERVICE FEE GA DITONGOLIN)",-,"DOMESTIC : UP 20,000 (SERVICE FEE GA DITONGOLIN)","UP 30,000 (SERVICE FEE)","DOMESTIC : UP 50,000/DAY","DOMESTIC : 50,000/TIKET (SERVICE FEE GA DITONGOLIN)",STAMP DUTY,,,,
,,,,,,,"INTL : 50,000/R/N (SERVICE FEE GA DITONGOLIN)",,"INTERNATIONAL : UP 100,000/DAY","INTL : 75,000/TIKET (SERVICE FEE GA DITONGOLIN)",,,,,
BPJS Kesehatan Jaksel,UP 1% FROM TOTAL (SERVICE FEE) (GARUDA),UP 1% FROM TOTAL (SERVICE FEE) ,ON THE TICKET,On the Ticket,ON THE TICKET,-,-,"UP 20,000",,,-,,,,
BPJS KESEHATAN JAKARTA PUSAT,"2,5% (International All Maskapai)",UP 1% FROM TOTAL (SERVICE FEE),ON THE TICKET,"UP 50,000 PER TIKET","UP 50,000 PER TIKET",,,"UP 30,000","DOMESTIC : UP 50,000/DAY",,,,,,
,,,,,,-,,,"INTL : 100,000/DAY ",,,,,,
BPJS Kesehatan Tasikmalaya,,UP 1% FROM TOTAL (SERVICE FEE),ON THE TICKET,,,,,,,,,,,,
BPJS KESEHATAN CABANG JAKARTA BARAT,UP 2% FROM TOTAL,UP 1% FROM TOTAL (SERVICE FEE),ON THE TICKET,"UP 45,000 PER TIKET (SERVICE FEE)","UP 45,000 PER TIKET (SERVICE FEE)",-,"DOMESTIC : UP 50,000 (SERVICE FEE)","UP 25,000","DOMESTIC : UP 50,000/DAY","DOMESTIC : 50,000/TIKET  (SERVICE FEE)",NO,,,,
,,,,,,,,,,"INTL : 75,000/TIKET (SERVICE FEE)",,,,,
BPJS Kesehatan Jakarta Utara,,UP 1% FROM TOTAL (SERVICE FEE),ON THE TICKET,"UP 20,000/WAY","UP 20,000/WAY",-,-,"UP 30,000 FROM TOTAL (SERVICE FEE)","DOMESTIC : UP 50,000/DAY",,,,,,
BPJS Kesehatan Pusat (Head Office),UP 1% FROM TOTAL (SERVICE FEE) ,UP 1% FROM TOTAL (SERVICE FEE),ON THE TICKET,On the Ticket,UP 1% FROM TOTAL (SERVICE FEE),UP 1% FROM TOTAL (SERVICE FEE),UP 1% FROM TOTAL (SERVICE FEE),UP 1% FROM TOTAL (SERVICE FEE),,,,,,,
BPJS Kesehatan Cibinong,,UP 2% FROM TOTAL (SERVICE FEE),ON THE TICKET,On the Ticket,,,,,,,-,,,,
BPJS Kesehatan KC Prima,,UP 2% FROM TOTAL (SERVICE FEE),ON THE TICKET,On the Ticket,,,,,,,-,,,,
BPJS Kesehatan Jakarta Timur,UP 2% FROM TOTAL (SERVICE FEE),UP 1% FROM TOTAL (SERVICE FEE),ON THE TICKET,"UP 30,000 PER WAY","UP 30,000 PER WAY",,"DOMESTIC : UP 40,000 (SERVICE FEE)","UP 30,000 PER WAY",,"DOMESTIC : 50,000 (SERVICE FEE)",,,,,
,,,,,,-,"INTERNATIONAL : UP 75,000 (SERVICE FEE)",,,"INTL : 250,000 (SERVICE FEE)",,,,,
BPJS Kesehatan Bekasi,,UP 1% FROM TOTAL (SERVICE FEE),ON THE TICKET,On the Ticket,,,,,,,-,,,,
BPJS Kesehatan Serang,,UP 1% FROM TOTAL (SERVICE FEE),ON THE TICKET,"UP 20,000 PER TICKET (SERVICE FEE)","UP 20,000 PER TICKET (SERVICE FEE)",-,-,"UP 30,000 (SERVICE FEE)",-,,-,,,,
BPJS Kesehatan Tasikmalaya,,UP 1% FROM TOTAL (SERVICE FEE),,1%,1%,,,,,,,,,,
BPJS KESEHATAN TIGARAKSA,,UP 1% FROM TOTAL (SERVICE FEE),ON THE TICKET,ON THE TICKET,,-,,"UP 30,000 (SERVICE FEE) + PPN",,,-,,,,
BPJS Kesehatan Kepwil,,"UP 1,5% FROM TOTAL (SERVICE FEE)",ON THE TICKET,On the Ticket,,,,,,,-,,,,
BPJS Kesehatan Tangerang,,UP 1% FROM TOTAL (SERVICE FEE),ON THE TICKET,"UP 20,000 PER WAY","UP 20,000 PER WAY",-,,"UP 30,000 (SERVICE FEE) + PPN",,,,,,,
BPJS Kesehatan Depok,,UP 2% FROM TOTAL (SERVICE FEE),ON THE TICKET,On the Ticket,,,,,,,-,,,,
BPJS KESEHATAN CABANG BOGOR,,UP 1% FROM TOTAL (SERVICE FEE),ON THE TICKET,"UP 30,000 PER WAY (SERVICE FEE)","UP 30,000 PER WAY (SERVICE FEE)",-,"DOMESTIC : UP 35,000 (SERVICE FEE)","TRAIN : UP 30,000 (SERVICE FEE)","UP 40,000/DAY (SERVICE FEE)","DOMESTIC : 40,000/TIKET  (SERVICE FEE)",NO,,,,
,,,,,,,,"TRAVEL / BUS : 20,000 (SERVICE FEE)",,,,,,,
BLUEBIRD,UP 4%,UP 2% FROM TOTAL (MARK UP),ON THE TICKET,"UP 50,000 PER WAY (MARK UP)",,,-,"UP 30,000",,-,-,,,,
BAKRIE SWASAKTI UTAMA,UP 4%,UP 2% FROM TOTAL (MARK UP),ON THE TICKET,"UP 50,000 PER WAY (MARK UP)",,,-,"UP 30,000",,-,-,,,,
CARDIG,UP 4% FROM TOTAL (MARKUP),UP 2% FROM TOTAL (MARK UP),ON THE TICKET,"UP 50,000 PER TIKET (MARK UP)","UP 50,000 PER TIKET (MARK UP)",,MARKUP,"UP 30,000","DOMESTIC : UP 50,000/DAY (SERVICE FEE)",MARKUP,NO,5%,,,
,,,,,,-,,,"INTL : UP 100,000/DAY (SERVICE FEE)",,,,,,
CGV,UP 4% FROM TOTAL (SERVICE FEE),UP 2% FROM TOTAL (SERVICE FEE),ON THE TICKET,"UP 50,000 PER TIKET (SERVICE FEE)","UP 50,000 PER TIKET (SERVICE FEE)",-,"DOMESTIC : UP 40,000 (SERVICE FEE)","UP 30,000 SERVICE FEE)","DOMESTIC : UP 50,000/DAY (SERVICE FEE)","DOMESTIC : UP 50,000 (SERVICE FEE)",NO,5%,,,
,,,,,,,"INTL : UP 75,000 (SERVICE FEE)",,"INTL : UP 100,000/DAY (SERVICE FEE)","INTL : 75,000/TIKET (SERVICE FEE)",,,,,
CSUL,UP 4% FROM TOTAL (MARKUP),UP 2% FROM TOTAL (MARK UP),ON THE TICKET,"UP 50,000 PER TIKET (MARK UP)","UP 50,000 PER TIKET (MARK UP)",-,MARKUP,"UP 30,000 (MARKUP)",MARKUP,MARKUP,NO,,,,
,,,,,,,,,,,,,,,
DANAREKSA (BRI MI),UP 3% FROM TOTAL (SERVICE FEE),UP 3% FROM BASIC (SERVICE FEE),ON THE TICKET,"UP 50,000 PER TIKET (SERVICE FEE)","UP 50,000 PER TIKET (SERVICE FEE)",-,"DOMESTIC : UP 40,000 (SERVICE FEE)","UP 30,000 (SERVICE FEE)","DOMESTIC : UP 50,000/DAY (SERVICE FEE)","DOMESTIC : UP 50,000 (SERVICE FEE)",NO,,,,
,,,,,,,"INTL : UP 75,000 (SERVICE FEE)",,"INTL : UP 100,000/DAY (SERVICE FEE)","INTL : 75,000 (SERVICE FEE)",,,,,
DIMENSIO,UP 4% FROM TOTAL (MARKUP),UP 2% FROM TOTAL (MARK UP),ON THE TICKET,"UP 50,000 PER TIKET (MARK UP)","UP 50,000 PER TIKET (MARK UP)",-,MARKUP,"UP 30,000 (MARKUP)",,MARKUP,NO,,,,
ERHA,UP 4% FROM TOTAL (SERVICE FEE),UP 2% FROM TOTAL (SERVICE FEE),UP 2% FROM TOTAL (SERVICE FEE),UP 2% FROM TOTAL (SERVICE FEE),UP 2% FROM TOTAL (SERVICE FEE),-,"DOMESTIC : UP 40,000 (SERVICE FEE)","KAI & KCIC : UP 40,000 /TIKET (SERVICE FEE)","DOMESTIC : UP 50,000/DAY (SERVICE FEE)","DOMESTIC : UP 50,000 PER TIKET (SERVICE FEE)",NO,5%,"75,000/ PERSON (SERVICE FEE)",SERVICE FEE GAUSAH DITONGOLIN,
,,,,,,,"INTL : UP 75,000 (SERVICE FEE)","INTERNATIONAL : 100,000/TIKET (SERVICE FEE)","INTL : UP 100,000/DAY (SERVICE FEE)","INTL : 75,000/TIKET (SERVICE FEE)",,,,,
ESPERTA,UP 4%  FROM TOTAL (MARKUP),UP 2% FROM TOTAL (MARKUP),ON THE TICKET,"UP 50,000 PER TIKET (SERVICE FEE)","UP 50,000 PER TIKET (SERVICE FEE)",-,MARKUP,"UP 30,000 (SERVICE FEE)","DOMESTIC : 50,000 / INTL : 100,000","GARUDA : 2% / OTHER AIRLINE: MARKUP/ LCC : 50,000/TIKET (SERVICE FEE)",,,,,
FORISA,UP 4% FROM TOTAL (SERVICE FEE),UP 2% FROM TOTAL  (SERVICE FEE),ON THE TICKET,"UP 50,000 PER TIKET (SERVICE FEE)","UP 50,000 PER TIKET (SERVICE FEE)",-,MARKUP,"UP 30,000 (SERVICE FEE)","DOMESTIC : UP 50,000/DAY (SERVICE FEE)",MARKUP,NO,5%,,,
,,,,,,,,,"INTL : UP 100,000/HARI (SERVICE FEE)",,,,,,
FUMAKILLA,UP 4% FROM TOTAL (MARKUP),UP 2% FROM TOTAL (MARK UP),ON THE TICKET,"UP 50,000 PER TIKET (MARK UP)","UP 50,000 PER TIKET (MARK UP)",-,MARKUP,"UP 30,000 (MARKUP)","DOMESTIC : UP 50,000/DAY (MARKUP)",MARKUP,NO,5%,,,
,,,,,,,,,"INTL : UP 100,000/HARI (MARKUP)",,,,,,
FUMAKILLA NOMOS,UP 4% FROM TOTAL (SERVICE FEE),UP 2% FROM TOTAL  (SERVICE FEE),ON THE TICKET,"UP 50,000 PER TIKET (SERVICE FEE)","UP 50,000 PER TIKET (SERVICE FEE)",-,"DOMESTIC : UP 40,000 (SERVICE FEE)","UP 30,000 (SERVICE FEE)","DOMESTIC : UP 50,000/DAY (SERVICE FEE)","DOMESTIC : IDR 50,000/TIKET (SERVICE FEE)",NO,5%,,,
,,,,,,,,,"INTL : UP 100,000/HARI (SERVICE FEE)","INTERNATIONAL : IDR 200,000/TIKET (SERVICE FEE)",,,,,
INDOBARA,UP 4% (FROM TOTAL - MARKUP),UP 2% FROM TOTAL (MARK UP),ON THE TICKET,"UP 50,000 PER WAY (MARK UP)","UP 50,000 PER WAY (MARK UP)",-,MARKUP,"UP 30,000 (MARKUP)","DOMESTIC : 50,000 / INTL : 100,000",,,,,,
INFINITE,UP 4%,UP 2% FROM TOTAL (MARK UP),ON THE TICKET,"UP 50,000 PER WAY (MARK UP)",,,-,"UP 30,000",,-,-,,,,
INTESCO,UP 4% FROM TOTAL - MARK UP ( GA & NON GA ),UP 2% FROM TOTAL (MARK UP),ON THE TICKET,"UP 30,000 PER TIKET (MARK UP)","UP 30,000 PER TIKET (MARK UP)",-,"DOMESTIC : UP 40,000 (MARKUP)","UP 30,000","DOMESTIC : UP 50,000/DAY (MARKUP)","DOMESTIC : UP 50,000 PER TIKET (MARK UP)",NO,,,,
,,,,,,,"INTL : UP 75,000 (MARKUP)",,"INTL : UP 100,000/HARI (MARKUP)","INTL : 75,000/TIKET (MARK UP)",,,,,
INTRACO,UP 6% FROM TOTAL (SERVICE FEE),UP 6% FROM TOTAL (SERVICE FEE),UP 6% FROM TOTAL (SERVICE FEE),UP 6% FROM TOTAL (SERVICE FEE),UP 6% FROM TOTAL (SERVICE FEE),-,"DOMESTIC : UP 50,000 (SERVICE FEE) + PPN","UP 50,000 PER TIKET (SERVICE FEE) ","DOMESTIC : UP 100,000/DAY (SERVICE FEE)","SF 75,000 PER TIKET (DOMESTIC)",NO,,,,
,,,,,,,"INTL : UP 100,000 (SERVICE FEE) + PPN",,"INTL : UP 200,000/HARI (SERVICE FEE)","SF 100,000 PER TIKET ( INTER )",,,,,
INDOTAMBANG RAYA ,"UP 1,5% FROM TOTAL (SERVICE FEE)","UP 20,000 PER TIKET (SERVICE FEE)","UP 30,000 PER TIKET (SERVICE FEE)","UP 30,000 PER TIKET (SERVICE FEE)","UP 30,000 PER TIKET (SERVICE FEE)",-,"DOMESTIC : UP 20,000/R/N (SERVICE FEE)","UP 30,000 (SERVICE FEE)","DOMESTIC : UP 50,000/DAY (SERVICE FEE)","DOMESTIC : UP 35,000 PER TIKET (SERVICE FEE)",NO,5%,,,
,,,,,,-,"INTL : UP 30,000/R/N (SERVICE FEE)",,"INTL : UP 150,000/HARI (SERVICE FEE)","INTL : 75,000/TIKET (SERVICE FEE)",,,,,
PM CONTROL,UP 3% FROM TOTAL (SERVICE FEE) (GA & NON GA),UP 1% PER TIKET (SERVICE FEE),UP 1% PER TIKET (SERVICE FEE),UP 1% PER TIKET (SERVICE FEE),UP 1% PER TIKET (SERVICE FEE),-,"DOMESTIC : UP 30,000 (SERVICE FEE) + PPN","KAI & KCIC : UP 25,000 /TIKET (SERVICE FEE)","DOMESTIC : UP 40,000/DAY (SERVICE FEE)","DOMESTIC : UP 35,000 PER TIKET (SERVICE FEE)",NO,5%,,,
,,,,,,,"INTL : UP 50,000 (SERVICE FEE) + PPN","INTERNATIONAL : 75,000/TIKET (SERVICE FEE)","INTL : UP 100,000/HARI (SERVICE FEE)","INTL : 75,000/TIKET (SERVICE FEE)",,5%,,,
BANGKIT LAKULINER (SEINDONESIA),UP 5% (FROM TOTAL - SERVICE FEE),UP 3% FROM TOTAL (SERVICE FEE),UP 3% FROM TOTAL (SERVICE FEE),UP 3% FROM TOTAL (SERVICE FEE),UP 3% FROM TOTAL (SERVICE FEE),-,"DOMESTIC : UP 50,000 (SERVICE FEE) + PPN","UP 40,000/TIKET (SERVICE FEE)","DOMESTIC : UP 75,000/DAY (SERVICE FEE)","DOMESTIC : UP 50,000 PER TIKET (SERVICE FEE)",YES (STAMP DUTY),7%,"75,000/ PERSON (SERVICE FEE)","CN Keepcom untuk Bp Indra Bisnistrip, nilainya 20% dari service fee",
,,,,,,,"INTL : UP 100,000 (SERVICE FEE) + PPN",,"INTL : UP 150,000/HARI (SERVICE FEE)","INTL : 75,000/TIKET (SERVICE FEE)",,,,,
RODA NURMALA,UP 4% FROM TOTAL - SERVICE FEE (GA & NON GA),UP 2% FROM TOTAL PER TIKET (SERVICE FEE),UP 2% FROM TOTAL PER TIKET (SERVICE FEE),UP 2% FROM TOTAL PER TIKET (SERVICE FEE),UP 2% FROM TOTAL PER TIKET (SERVICE FEE),-,"DOMESTIC : UP 40,000 (SERVICE FEE) + PPN","UP 30,000 (SERVICE FEE)","DOMESTIC : UP 50,000/DAY (SERVICE FEE)","DOMESTIC : UP 50,000 PER TIKET (SERVICE FEE)",YES,,,,
,,,,,,,"INTL : UP 75,000 (SERVICE FEE) + PPN",,"INTL : UP 100,000/HARI (SERVICE FEE)","INTL : 75,000/TIKET (SERVICE FEE)",,,,,
ADITYA MANDIRI KONSTRUKSI,UP 4% FROM TOTAL - SERVICE FEE (GA & NON GA),"UP 2,5% FROM TOTAL PER TIKET (SERVICE FEE)","UP 2,5% FROM TOTAL PER TIKET (SERVICE FEE)","UP 2,5% FROM TOTAL PER TIKET (SERVICE FEE)","UP 2,5% FROM TOTAL PER TIKET (SERVICE FEE)",-,"DOMESTIC : UP 40,000 (SERVICE FEE) + PPN","UP 40,000 (SERVICE FEE)","DOMESTIC : UP 75,000/DAY (SERVICE FEE)","DOMESTIC : UP 50,000 PER TIKET (SERVICE FEE)",,7%,,,
,,,,,,,"INTL : UP 100,000 (SERVICE FEE) + PPN",,"INTL : UP 150,000/HARI (SERVICE FEE)","INTL : 75,000/TIKET (SERVICE FEE)",,,,,
JICA,UP 4%,UP 2% FROM TOTAL (SERVICE FEE),ON THE TICKET,"UP 50,000 PER WAY (MARK UP)",,,-,"UP 30,000",,-,-,,,,
KESATUAN MAS ABADI,UP 4% (SERVICE FEE),UP 2% FROM TOTAL (SERVICE FEE),"UP 50,000 (SERVICE FEE) ","UP 50,000 (SERVICE FEE) ","UP 50,000 (SERVICE FEE) ",-,"UP 50,000 (SERVICE FEE) ","UP 50,000 (SERVICE FEE) ",,,,,,,
MAKIN GROUP,UP 4%,ON THE TICKET,ON THE TICKET,"UP 50,000 PER WAY (SERVICE FEE)","UP 50,000 PER WAY (SERVICE FEE)",-,-,"UP 30,000",,,-,,,,
SOL MELIA,UP 3% FROM TOTAL (SERVICE FEE),UP 1% FROM TOTAL (SERVICE FEE),ON THE TICKET,"UP 30,000 PER TIKET (SERVICE FEE)","UP 30,000 PER TIKET (SERVICE FEE)",-,"DOMESTIC : UP 20,000 (SERVICE FEE)","UP 30,000","DOMESTIC : UP 50,000/DAY (SERVICE FEE)","DOMESTIC : UP 50,000 PER TIKET (SERVICE FEE)",NO,,,,
,,,,,,,"INTL : UP 50,000 (SERVICE FEE)",,"INTL : UP 100,000/HARI (SERVICE FEE)","INTL : 75,000/TIKET (SERVICE FEE)",,,,,
METROCOM,UP 4%,UP 2% FROM TOTAL (MARK UP),ON THE TICKET,"UP 50,000 PER WAY (MARK UP)",,,-,"UP 30,000",,-,-,-,,,
PAPUA SATYA GROUP,UP 4%,UP 2% FROM TOTAL (MARK UP),ON THE TICKET,"UP 50,000 PER WAY (MARK UP)",,,-,"UP 30,000",,-,-,,,,
MONDIAL / C&A,UP 4%,UP 2% FROM TOTAL (MARK UP),ON THE TICKET,"UP 50,000 PER WAY (MARK UP)",,,-,"UP 30,000",,-,-,,,,
MSI,,"20,000 PER TIKET",ON THE TICKET,"UP 50,000 PER WAY (MARK UP)",,,"30,000 PER INVOICE","UP 30,000",,-,-,,,,
MPM RENT,UP 3% FROM TOTAL (SERVICE FEE),UP 2% FROM TOTAL (SERVICE FEE),UP 1% FROM TOTAL (SERVICE FEE),UP 1% FROM TOTAL (SERVICE FEE),UP 1% FROM TOTAL (SERVICE FEE),-,"DOMESTIC : UP 40,000 (SERVICE FEE)","UP 30,000/PAX/WAY",-,"DOMESTIC : 50,000/TIKET (SERVICE FEE)",,,,,
,,,,,,,"INTL : UP 100,000 (SERVICE FEE) ",,,"INTL : 200,000/TIKET (SERVICE FEE)",,,,,
MTF,"UP 1,5% FROM TOTAL (SERVICE FEE)",UP 1% FROM TOTAL (SERVICE FEE),UP 1% FROM TOTAL (SERVICE FEE),UP 1% FROM TOTAL (SERVICE FEE),UP 1% FROM TOTAL (SERVICE FEE),-,"DOMESTIC : UP 20,000 (SERVICE FEE)","UP 20,000 (SERVICE FEE)",-,"DOMESTIC : 40,000 (SERVICE FEE)",NO,2%,,INPUT KEEPCOMM TIKET : 3330/TIKET,
,,,,,,,"INTL : UP 50,000 (SERVICE FEE)",,,"INTL : 60,000 (SERVICE FEE)",,,,INPUT KEEPCOMM HOTEL : 1110/ROOM,
NINDYA BETON,UP 4% FROM TOTAL (MARKUP),UP 2% FROM TOTAL (MARK UP),ON THE TICKET,"UP 50,000 PER TIKET (MARK UP)","UP 50,000 PER TIKET (MARK UP)",-,KOLOM MARKUP,"UP 30,000 (MARKUP)",-,KOLOM MARKUP,-,,,,
NUSAKURA,UP 4%,UP 2% FROM TOTAL (MARK UP),ON THE TICKET,"UP 50,000 PER WAY (MARK UP)",,,-,"UP 30,000",,-,-,,,,
PERKENI,UP 5% FROM TOTAL (GA & NON GA),UP 2% FROM TOTAL (MARK UP),UP 2% FROM TOTAL (MARK UP),UP 2% FROM TOTAL PER TIKET (MARKUP),"UP 50,000 PER TIKET (MARK UP)",-,"DOMESTIC : UP 50,000/R/N","UP 30,000","DOMESTIC : UP 75,000/DAY (SERVICE FEE)","DOMESTIC : 50,000/TIKET (SERVICE FEE)",-,7%,,SERVICE FEE DIINPUT DALAM KOLOM MARK UP (JANGAN DIMUNCULKAN),
,,,,,,-,"INTL : 150,000/R/N",,"INTERNATIONAL : UP 150,000/DAY (SERVICE FEE)","INTL : 200,000/TIKET (SERVICE FEE)",-,,,,
PERSITA,UP 4%,UP 2% FROM TOTAL (MARK UP),ON THE TICKET,"UP 50,000 PER WAY (MARK UP)",,,-,"UP 30,000",,-,-,,,,
PERUM LKBN ANTARA,SF 4% + PPN,UP 2% FROM TOTAL (SERVICE FEE + PPN),ON THE TICKET,"UP 30,000 PER TIKET (SERVICE FEE + PPN)",,,"40,0000 /R/N (SERVICE FEE)","UP 30,000 (SERVICE FEE + PPN)",,-,-,,,,
PPMB GROUP,UP 4%,UP 2% FROM TOTAL (MARK UP),ON THE TICKET,"UP 50,000 PER WAY (MARK UP)",,,-,"UP 30,000",,-,-,,,,
PSMI,UP 4%,UP 2% FROM TOTAL (MARK UP),ON THE TICKET,"UP 50,000 PER WAY (MARK UP)",,,-,"UP 30,000",,-,-,,,,
PUNDI KENCANA,UP 4%,UP 2% FROM TOTAL (MARK UP),ON THE TICKET,"UP 50,000 PER WAY (MARK UP)",,,-,"UP 30,000",,-,-,,,,
RAFFLES,UP 4%,UP 2% FROM TOTAL (MARK UP),ON THE TICKET,"UP 50,000 PER WAY (MARK UP)",,,-,"UP 30,000",,-,-,,,,
REZKA NAYATAMA/AGUNG HARADA,UP 4%,UP 3% FROM BASIC (MARK UP),ON THE TICKET,"UP 50,000 PER WAY (MARK UP)",,,-,"UP 30,000",,CHARGES DIHARGA TIKET,STAMP DUTY,,,,
SANGATI,UP 4% FROM TOTAL (MARKUP),UP 2% FROM TOTAL (MARK UP),ON THE TICKET,"UP 50,000 PER TIKET (MARK UP)","UP 50,000 PER TIKET (MARK UP)",-,KOLOM MARKUP,"UP 30,000 (MARKUP)",-,KOLOM MARKUP,NO,,,GA & NON GA DIPISAH,
SERTCO,UP 4% FROM TOTAL (MARKUP),UP 2% FROM TOTAL (MARK UP),ON THE TICKET,"UP 50,000 PER TIKET (MARK UP)","UP 50,000 PER TIKET (MARK UP)",-,KOLOM MARKUP,"UP 30,000 (MARKUP)",-,KOLOM MARKUP,-,5%,,,
SERASI AUTO RAYA,UP 3% FROM TOTAL (MARK UP),UP 2% FROM BASIC (MARK UP),ON THE TICKET,"UP 30,000  PER TIKET ( MARK UP )","UP 30,000  PER TIKET ( MARK UP )",-,KOLOM MARKUP,"UP 30,000 (MARKUP)",-,KOLOM MARKUP,STAMP DUTY,,,GA & NON GA DIPISAH,
SHARP,UP 4% FROM TOTAL (MARKUP),UP 4% FROM TOTAL (MARK UP),UP 4% FROM TOTAL (MARK UP),"UP 50,000 PER WAY (MARK UP)",,,-,"UP 30,000",,-,-,,,GA & NON GA DIPISAH,
SARKU ENJINERING UTAMA,"UP 1,5% (SERVICE FEE)","UP 1,5% (SERVICE FEE)","UP 1,5% (SERVICE FEE)","UP 1,5% (SERVICE FEE)","UP 1,5% (SERVICE FEE)",,,"UP 1,5% (SERVICE FEE)",,-,YES,,,"VAT TONGOLIN , SF TIDAK DIMUNCULIN",
SEVTA NUSA ENERGI,UP 3% (SERVICE FEE) + PPN (GA & NON GA),UP 1% (SERVICE FEE),,,,,,,,,,,,,
SOS GROUP,UP 4%,UP 2% FROM TOTAL (MARK UP),ON THE TICKET,"UP 50,000 PER WAY (MARK UP)",,,-,"UP 30,000",,-,,,,,
SRI REJEKI,UP 4%,UP 2% FROM TOTAL (MARK UP),ON THE TICKET,"UP 50,000 PER WAY (MARK UP)",,,-,"UP 30,000",,-,-,,,,
TAM,UP 3% FROM TOTAL - MARK UP ,"UP 0,5% FROM TOTAL (MARK UP)  ",ON THE TICKET ,"UP 50,000 PER TIKET (MARK UP)","UP 50,000 PER TIKET (MARK UP)",-,KOLOM MARKUP,"UP 20,000 (MARK UP)",KOLOM MARKUP,KOLOM MARKUP,NO,,,,
TRIMITRA TRANS PERSADA,UP 3% FROM TOTAL (SERVICE FEE),UP 1% FROM TOTAL (SERVICE FEE),UP 1% FROM TOTAL (SERVICE FEE),UP 1% FROM TOTAL (SERVICE FEE),UP 1% FROM TOTAL (SERVICE FEE),-,"DOMESTIC : 40,000 (SERVICE FEE)","UP 30,000 (SERVICE FEE)","DOMESTIC : UP 50,000/DAY (SERVICE FEE)","DOMESTIC : 50,000/TIKET (SERVICE FEE)",YES (STAMP DUTY),5%,,,
,,,,,,,"INTL : 75,000 (SERVICE FEE)",,"INTERNATIONAL : UP 100,000/DAY (SERVICE FEE)","INTL : 75,000/TIKET (SERVICE FEE)",,,,,
THAI CAPITAL,,UP 2% FROM TOTAL (MARK UP),ON THE TICKET,"UP 50,000 PER TIKET  (MARK UP)","UP 50,000 PER TIKET  (MARK UP)",,KOLOM MARKUP,"UP 30,000 (MARKUP)","DOMESTIC : UP 50,000/DAY (MARKUP)",KOLOM MARKUP,-,5%,,,
,,,,,,-,,,"INTERNATIONAL : UP 100,000/DAY (MARKUP)",,,,,,
TOSHIBA,UP 4% DARI TOTAL (MARK UP),UP 2% FROM TOTAL (MARK UP),ON THE TICKET,"UP 50,000 PER TIKET (MARK UP)","UP 50,000 PER TIKET (MARK UP)",-,KOLOM MARKUP,"UP 30,000 (MARKUP)","DOMESTIC : UP 50,000/DAY",KOLOM MARKUP,NO,,,,
,,,,,,,,,"INTERNATIONAL : UP 100,000/DAY",,,,,,
TRILINK,UP 4% FROM TOTAL (MARKUP),UP 2% FROM TOTAL (MARK UP),ON THE TICKET,"UP 50,000 PER TIKET (MARK UP)","UP 50,000 PER TIKET (MARK UP)",-,KOLOM MARKUP,"UP 30,000 (MARKUP)","DOMESTIC : UP 50,000/DAY (MARKUP)",KOLOM MARKUP,-,5%,,,
,,,,,,,,,"INTERNATIONAL : UP 100,000/DAY (MARKUP)",,,,,,
BANK VICTORIA,UP 4% DARI TOTAL (MARK UP),UP 2% FROM TOTAL (MARK UP),ON THE TICKET,"UP 50,000 PER TIKET (MARK UP)","UP 50,000 PER TIKET (MARK UP)",-,KOLOM MARKUP,"UP 30,000",KOLOM MARKUP,KOLOM MARKUP,NO,,,,
WAHANA VISI,NON GARUDA : FARE ON THE TICKET + 4% (MARKUP),"UP 0,5% FROM TOTAL (SERVICE FEE)",ON THE TICKET,"UP 1,5% (SERVICE FEE) DOMESTIC","UP 1,5% (SERVICE FEE) DOMESTIC",-,"UP 15,000/N (SERVICE FEE DOMESTIC)","UP 20,000 (SERVICE FEE)","DOMESTIC : UP 50,000/DAY (SERVICE FEE)","DOMESTIC : 35,000/TIKET (SERVICE FEE)",NO,5%,,,
,GARUDA : UP 0.5% (SERVICE FEE),,,"UP 1,5% (SERVICE FEE) LCC rute Internasional","UP 1,5% (SERVICE FEE) LCC rute Internasional",,"UP 45,000/N (SERVICE FEE INTERNATIONAL)",,"INTERNATIONAL : UP 100,000/DAY (SERVICE FEE)","INTL : 75,000/TIKET (SERVICE FEE)",,,,,
KPP GROUP,UP 3%  FROM TOTAL (SERVICE FEE) ,"UP 25,000 FROM TOTAL PER TICKET (SERVICE FEE)",ON THE TICKET,"UP 25,000 PER TIKET (SERVICE FEE)","UP 25,000 PER TIKET (SERVICE FEE)",-,"DOMESTIC : 20,000/R/N (SERVICE FEE)","UP 30,000 (SERVICE FEE)","DOMESTIC : UP 50,000/DAY (SERVICE FEE)","DOMESTIC : 30,000/TIKET (SERVICE FEE)",NO,5%,-,GA & NON GA DIPISAH,
,,,,,,,"INTL : 50,000/R/N (SERVICE FEE)",,"INTERNATIONAL : UP 100,000/DAY (SERVICE FEE)","INTL : 75,000/TIKET (SERVICE FEE)",,,,,
TASTI,UP 2% FROM TOTAL (SERVICE FEE),UP 1% FROM TOTAL (SERVICE FEE),UP 1% FROM TOTAL (SERVICE FEE),UP 1% FROM TOTAL (SERVICE FEE),UP 1% FROM TOTAL (SERVICE FEE),-,"UP 30,000/R/N (SERVICE FEE DOMESTIC)","UP 30,000 (SERVICE FEE)","DOMESTIC : UP 50,000/DAY (SERVICE FEE)","DOMESTIC : 50,000/TIKET (SERVICE FEE)",NO,5%,"50,000/ PERSON (SERVICE FEE)",,
,,,,,,,"UP 60,000/R/N (SERVICE FEE INTER)",,"INTERNATIONAL : UP 100,000/DAY (SERVICE FEE)","INTL : 75,000/TIKET (SERVICE FEE)",,,,,
TOKOBAGUS (OLX) / ASTRA DIGITAL MOBIL / SERASI MITRA MOBIL,UP 2% (SERVICE FEE),UP 1% (SERVICE FEE) DOMESTIC,ON THE TICKET,"UP 30,000/TIKET (SERVICE FEE)","UP 30,000/TIKET (SERVICE FEE)",-,"DOMESTIC : 20,000/R/N (SERVICE FEE)","UP 30,000 (SERVICE FEE)","DOMESTIC : UP 50,000/DAY (SERVICE FEE","DOMESTIC : 50,000/TIKET",(STAMP DUTY),7%,,,
,,,,,,,"INTL : 50,000/R/N (SERVICE FEE)",,"INTERNATIONAL : UP 100,000/DAY (SERVICE FEE)","INTL : 200,000/TIKET (SERVICE FEE)",,,,,
YDBA,UP 3% FROM TOTAL (SERVICE FEE) ,UP 1% FROM TOTAL (SERVICE FEE),UP 1% FROM TOTAL (SERVICE FEE),UP 1% (SERVICE FEE) - DOMESTIK,UP 1% (SERVICE FEE) - DOMESTIK,-,"UP 40,000 (SERVICE FEE DOMESTIC)","UP 30,000 (SERVICE FEE)","DOMESTIC : UP 50,000/DAY (SERVICE FEE","DOMESTIC : 50,000/TIKET",YES (STAMP DUTY),5%,,,
,,,,,,,"UP 75,000 (SERVICE FEE INTL)",,"INTERNATIONAL : UP 100,000/DAY (SERVICE FEE)","INTL : 75,000/TIKET",,,,,
SUSHI TEI,UP 3% (SERVICE FEE) (GA & NON GA),UP 1% FROM TOTAL (SERVICE FEE),UP 1% (SERVICE FEE) - DOMESTIC,UP 1% (SERVICE FEE) - DOMESTIC,UP 1% (SERVICE FEE) - DOMESTIC,-,"UP 50,000 (SERVICE FEE)  (DOMESTIC)","UP 30,000 (SERVICE FEE)","DOMESTIC : UP 50,000/DAY (SERVICE FEE",CHARGES DIHARGA TIKET,,,,,
,,,,,,,"UP 100,000 (SERVICE FEE INTL)",,"INTERNATIONAL : UP 100,000/DAY (SERVICE FEE)",,,,,,
YPAMDR,UP 3% FROM TOTAL (SERVICE FEE) ,UP 1% FROM TOTAL (SERVICE FEE),UP 1% FROM TOTAL (SERVICE FEE),UP 1% FROM TOTAL (SERVICE FEE),UP 1% FROM TOTAL (SERVICE FEE),-,"UP 40,000 (SERVICE FEE DOMESTIC)","UP 30,000 (SERVICE FEE)","DOMESTIC : UP 50,000/DAY (SERVICE FEE","DOMESTIC : 50,000/TIKET",STAMP DUTY,5%,,,
,,,,,,,"UP 75,000 (SERVICE FEE INTL)",,"INTERNATIONAL : UP 100,000/DAY (SERVICE FEE)","INTL : 75,000/TIKET",,,,,
SINTA PRIMA FEEDMILL,UP 2% FROM TOTAL - SERVICE FEE (GA & NON GA),"UP 0,5% FROM TOTAL (SERVICE FEE)","UP 0,5% FROM TOTAL (SERVICE FEE)","UP 0,5% FROM TOTAL (SERVICE FEE)","UP 0,5% FROM TOTAL (SERVICE FEE)",-,"DOMESTIC : UP 30,000 (SERVICE FEE)","KAI & KCIC : 25,000/PAX (SERVICE FEE)","DOMESTIC : UP 40,000/DAY (SERVICE FEE","DOMESTIC : 35,000/TIKET",NO,,,,
,,,,,,,"INTL : 75,000 (SERVICE FEE)","TRAIN INTL : 60,000 (SERVICE FEE)","INTERNATIONAL : UP 75,000/DAY (SERVICE FEE)","INTL : 50,000/TIKET",,,,,
BRUEGMANN ASIA,UP 3% FROM TOTAL (SERVICE FEE),UP 1% FROM TOTAL (SERVICE FEE),UP 1% FROM TOTAL (SERVICE FEE),UP 1% FROM TOTAL (SERVICE FEE),UP 1% FROM TOTAL (SERVICE FEE),-,"DOMESTIC : UP 40,000 (SERVICE FEE)","KAI & KCIC : 30,000/PAX (SERVICE FEE)","DOMESTIC : UP 50,000/DAY (SERVICE FEE","DOMESTIC : 50,000/TIKET",NO,5%,"50,000/ PERSON (SERVICE FEE)",,
,,,,,,,"INTL : UP 75,000 (SERVICE FEE) + PPN","TRAIN INTL : 75,000 (SERVICE FEE)","INTERNATIONAL : UP 100,000/DAY (SERVICE FEE)","INTL : 75,000/TIKET (SERVICE FEE)",,,,,
TUMBUH TUAI INDONESIA,"UP 0,5% (SERVICE FEE) (GA & NON GA)","UP 0,5% FROM TOTAL (SERVICE FEE)","UP 0,5% FROM TOTAL (SERVICE FEE)","UP 0,5% FROM TOTAL (SERVICE FEE)","UP 0,5% FROM TOTAL (SERVICE FEE)",-,"DOMESTIC : UP 25,000 (SERVICE FEE)","UP 20,000 (SERVICE FEE)","DOMESTIC : UP 50,000/DAY (SERVICE FEE","DOMESTIC : 35,000/TIKET",NO,5%,,,
,,,,,,,"INTL : UP 55,000 (SERVICE FEE) + PPN",,"INTERNATIONAL : UP 100,000/DAY (SERVICE FEE)","INTL : 75,000/TIKET",,,,,
LG SINARMAS TECHNOLOGY SOLUTIONS,UP 4% FROM TOTAL (SERVICE FEE),"UP 2,5% FROM TOTAL (SERVICE FEE)","UP 2,5% FROM TOTAL (SERVICE FEE)","UP 2,5% FROM TOTAL (SERVICE FEE)","UP 2,5% FROM TOTAL (SERVICE FEE)",-,"DOMESTIC : UP 40,000 (SERVICE FEE)","KAI & KCIC : 40,000 (SERVICE FEE)","DOMESTIC : UP 75,000/DAY (SERVICE FEE","DOMESTIC : 50,000/TIKET",YES (STAMP DUTY),7%,"75,000/ PERSON (SERVICE FEE)",,
,,,,,,,"INTL : UP 80,000 (SERVICE FEE)","TRAIN INTL : 100,000 (SERVICE FEE)","INTERNATIONAL : UP 150,000/DAY (SERVICE FEE)","INTL : 75,000/TIKET",,,,,
PT PINTU KREASI KITA,UP 5% FROM TOTAL (SERVICE FEE GA & NON GA),UP 3% FROM TOTAL PER TIKET (SERVICE FEE),UP 3% FROM TOTAL PER TIKET (SERVICE FEE),UP 3% FROM TOTAL PER TIKET (SERVICE FEE),UP 3% FROM TOTAL PER TIKET (SERVICE FEE),-,"DOMESTIC : UP 50,000 (SERVICE FEE)","KAI & KCIC : 40,000 (SERVICE FEE)","DOMESTIC : UP 75,000/DAY (SERVICE FEE","DOMESTIC : 50,000/TIKET",YES (STAMP DUTY),7%,,,
,,,,,,,"INTL : UP 100,000 (SERVICE FEE)","TRAIN INTL : 100,000 (SERVICE FEE)","INTERNATIONAL : UP 150,000/DAY (SERVICE FEE)","INTL : 75,000/TIKET",,,,,
LINTANG KREASI KHATULISTIWA,,,,,,,,,,,,,,,
,,,,,,,,,,,,,,,
GREE ELECTRIC APPLIANCES,UP 2% FROM TOTAL - SERVICE FEE ,UP 1% FROM TOTAL (SERVICE FEE),UP 1% FROM TOTAL (SERVICE FEE),UP 1% FROM TOTAL (SERVICE FEE),UP 1% FROM TOTAL (SERVICE FEE),-,"DOMESTIC : UP 40,000 (SERVICE FEE)","KAI & KCIC : 30,000/PAX (SERVICE FEE)","DOMESTIC : UP 50,000/DAY (SERVICE FEE","DOMESTIC : 50,000/TIKET",YES (STAMP DUTY),5%,,,
,,,,,,,"INTL : UP 75,000 (SERVICE FEE) + PPN","TRAIN INTL : 75,000 (SERVICE FEE)","INTERNATIONAL : UP 100,000/DAY (SERVICE FEE)","INTL : 75,000/TIKET",,,,,
SPARTAN ERAGON ASIA,UP 5% FROM TOTAL (SERVICE FEE),UP 2% FROM TOTAL (SERVICE FEE),UP 2% FROM TOTAL (SERVICE FEE),UP 2% FROM TOTAL (SERVICE FEE),UP 2% FROM TOTAL (SERVICE FEE),-,"DOMESTIC : UP 50,000 (SERVICE FEE)","UP 40,000 PER TIKET (SERVICE FEE)","DOMESTIC : UP 75,000/DAY (SERVICE FEE","DOMESTIC : 50,000/TIKET",YES (STAMP DUTY),7%,,,
,,,,,,,"INTL : UP 100,000 (SERVICE FEE)",,"INTERNATIONAL : UP 150,000/DAY (SERVICE FEE)","INTL : 75,000/TIKET",,,,,
BUSSAN AUTO FINANCE,UP 2% FROM TOTAL - SERVICE FEE ,UP 1% FROM TOTAL (SERVICE FEE),"UP 20,000 FROM TOTAL (SERVICE FEE PER TIKET)","UP 20,000 FROM TOTAL (SERVICE FEE PER TIKET)","UP 20,000 FROM TOTAL (SERVICE FEE PER TIKET)",-,"DOMESTIC : UP 20,000 (SERVICE FEE)","KAI & KCIC : 20,000 (SERVICE FEE)","DOMESTIC : UP 50,000/DAY (SERVICE FEE","DOMESTIC : 30,000/TIKET",YES (STAMP DUTY),5%,"20,000/ PERSON (SERVICE FEE)",,
,,,,,,,"INTL : UP 50,000 (SERVICE FEE)","TRAIN INTL : 75,000 (SERVICE FEE)","INTERNATIONAL : UP 100,000/DAY (SERVICE FEE)","INTL : 50,000/TIKET",,,,,
SAMSUNG C &T CORPORATION,UP 4% FROM TOTAL (SERVICE FEE),UP 2% FROM TOTAL (SERVICE FEE),ON THE TICKET,"UP 50,000 PER WAY (SERVICE FEE)","UP 50,000 PER WAY (SERVICE FEE)",-,"DOMESTIC : UP 40,000 (SERVICE FEE)","UP 30,000 PER TIKET (SERVICE FEE)","DOMESTIC : UP 50,000/DAY (SERVICE FEE","DOMESTIC : 50,000/TIKET",YES (STAMP DUTY),5%,,,
,,,,,,,"INTL : UP 75,000 (SERVICE FEE)",,"INTERNATIONAL : UP 150,000/DAY (SERVICE FEE)","INTL : 75,000/TIKET",,,,,
INDONESIA AIRWATA FINANCE (IAF),UP 3% FROM TOTAL (SERVICE FEE),UP 1% FROM TOTAL (SERVICE FEE),UP 1% FROM TOTAL (SERVICE FEE),UP 1% FROM TOTAL (SERVICE FEE),UP 1% FROM TOTAL (SERVICE FEE),-,"DOMESTIC : UP 40,000 (SERVICE FEE)","UP 30,000 PER TIKET (SERVICE FEE)","DOMESTIC : UP 50,000/DAY (SERVICE FEE","DOMESTIC : 50,000/TIKET",,,,,
,,,,,,,"INTL : UP 75,000 (SERVICE FEE)",,"INTERNATIONAL : UP 100,000/DAY (SERVICE FEE)","INTL : 75,000/TIKET",,,,,
HAWAI WISATA,"0,5% FROM NETT (SERVICE FEE)","UP 10,000 FROM NETT (SERVICE FEE)","UP 10,000 FROM NETT (SERVICE FEE)","UP 10,000 FROM NETT (SERVICE FEE)","UP 10,000 FROM NETT (SERVICE FEE)",-,"UP 10,000/N FROM NETT (SERVICE FEE)","UP 10,000 FROM NETT (SERVICE FEE)",-,-,NO,,,,
,,,,,,,,,,,,,,,
YAYASAN KARYA DUA ANYAM,UP 5% FROM TOTAL (SERVICE FEE),UP 3% FROM TOTAL (SERVICE FEE),UP 3% FROM TOTAL (SERVICE FEE),UP 3% FROM TOTAL (SERVICE FEE),UP 3% FROM TOTAL (SERVICE FEE),-,"DOMESTIC : UP 50,000 (SERVICE FEE)","KAI & KCIC : 40,000 (SERVICE FEE)","DOMESTIC : UP 75,000/DAY (SERVICE FEE","DOMESTIC : 50,000/TIKET",NO,7%,"50,000/ PERSON (SERVICE FEE)",-,
,,,,,,,"INTL : UP 10,000 (SERVICE FEE)","TRAIN INTL : 100,000 (SERVICE FEE)","INTERNATIONAL : UP 150,000/DAY (SERVICE FEE)","INTL : 75,000/TIKET",,,,,
